{
  "project_info": {
    "project_number": "856820946622",
    "firebase_url": "https://demoartfort.firebaseio.com",
    "project_id": "demoartfort",
    "storage_bucket": "demoartfort.appspot.com"
  },
  "client": [
    {
      "client_info": {
        "mobilesdk_app_id": "1:856820946622:android:64e58dacc0483faa",
        "android_client_info": {
          "package_name": "com.google.firebase.udacity.friendlychat"
        }
      },
      "oauth_client": [
        {
          "client_id": "856820946622-q14nnmggqevfv45mt3e0hhe3b8uhdkvh.apps.googleusercontent.com",
          "client_type": 1,
          "android_info": {
            "package_name": "com.google.firebase.udacity.friendlychat",
            "certificate_hash": "27f15ef1fc04ba27ec330ffdaf7009dd1d484649"
          }
        },
        {
          "client_id": "856820946622-1nl8c14a34mura0o45btrq7vo5kumfu8.apps.googleusercontent.com",
          "client_type": 3
        }
      ],
      "api_key": [
        {
          "current_key": "AIzaSyAUrRfEs0YSnLnzxzAT_peIroS52JQ02Ps"
        }
      ],
      "services": {
        "appinvite_service": {
          "other_platform_oauth_client": [
            {
              "client_id": "856820946622-1nl8c14a34mura0o45btrq7vo5kumfu8.apps.googleusercontent.com",
              "client_type": 3
            }
          ]
        }
      }
    }
  ],
  "configuration_version": "1"
}